,name,landmass,zone,area,population,language,religion,bars,stripes,colors,red,green,blue,gold,white,black,orange,mainhue,circles,crosses,saltires,quarters,sunstars,crescent,triangle,icon,animate,text,topleft,botright,area_sq_miles,pop_density
0,Afghanistan,5,1,648,16,10,2,0,3,5,1,1,0,1,1,1,0,green,0,0,0,0,1,0,0,1,0,0,black,green,250193.0501930502,63.95061728395061
1,Albania,3,1,29,3,6,6,0,0,3,1,0,0,1,0,1,0,red,0,0,0,0,1,0,0,0,1,0,red,red,11196.911196911198,267.9310344827586
2,Algeria,4,1,2388,20,8,2,2,0,3,1,1,0,0,1,0,0,green,0,0,0,0,1,1,0,0,0,0,green,white,922007.722007722,21.69179229480737
3,American-Samoa,6,3,0,0,1,1,0,0,5,1,0,1,1,1,0,1,blue,0,0,0,0,0,0,1,1,1,0,blue,red,0.0,
4,Andorra,3,1,0,0,6,0,3,0,3,1,0,1,1,0,0,0,gold,0,0,0,0,0,0,0,0,0,0,blue,red,0.0,
5,Angola,4,2,1247,7,10,5,0,2,3,1,0,0,1,0,1,0,red,0,0,0,0,1,0,0,1,0,0,red,black,481467.1814671815,14.538893344025661
6,Anguilla,1,4,0,0,1,1,0,1,3,0,0,1,0,1,0,1,white,0,0,0,0,0,0,0,0,1,0,white,blue,0.0,
7,Antigua-Barbuda,1,4,0,0,1,1,0,1,5,1,0,1,1,1,1,0,red,0,0,0,0,1,0,1,0,0,0,black,red,0.0,
8,Argentina,2,3,2777,28,2,0,0,3,2,0,0,1,0,1,0,0,blue,0,0,0,0,0,0,0,0,0,0,blue,blue,1072200.7722007723,26.11451206337774
9,Argentine,2,3,2777,28,2,0,0,3,3,0,0,1,1,1,0,0,blue,0,0,0,0,1,0,0,0,0,0,blue,blue,1072200.7722007723,26.11451206337774
10,Australia,6,2,7690,15,1,1,0,0,3,1,0,1,0,1,0,0,blue,0,1,1,1,6,0,0,0,0,0,white,blue,2969111.969111969,5.052015604681404
11,Austria,3,1,84,8,4,0,0,3,2,1,0,0,0,1,0,0,red,0,0,0,0,0,0,0,0,0,0,red,red,32432.432432432433,246.66666666666666
12,Bahamas,1,4,19,0,1,1,0,3,3,0,0,1,1,0,1,0,blue,0,0,0,0,0,0,1,0,0,0,blue,blue,7335.907335907336,0.0
13,Bahrain,5,1,1,0,8,2,0,0,2,1,0,0,0,1,0,0,red,0,0,0,0,0,0,0,0,0,0,white,red,386.1003861003861,0.0
14,Bangladesh,5,1,143,90,6,2,0,0,2,1,1,0,0,0,0,0,green,1,0,0,0,0,0,0,0,0,0,green,green,55212.355212355214,1630.06993006993
15,Barbados,1,4,0,0,1,1,3,0,3,0,0,1,1,0,1,0,blue,0,0,0,0,0,0,0,1,0,0,blue,blue,0.0,
16,Belgium,3,1,31,10,6,0,3,0,3,1,0,0,1,0,1,0,gold,0,0,0,0,0,0,0,0,0,0,black,red,11969.11196911197,835.483870967742
17,Belize,1,4,23,0,1,1,0,2,8,1,1,1,1,1,1,1,blue,1,0,0,0,0,0,0,1,1,1,red,red,8880.308880308881,0.0
18,Benin,4,1,113,3,3,5,0,0,2,1,1,0,0,0,0,0,green,0,0,0,0,1,0,0,0,0,0,green,green,43629.34362934363,68.76106194690266
19,Bermuda,1,4,0,0,1,1,0,0,6,1,1,1,1,1,1,0,red,1,1,1,1,0,0,0,1,1,0,white,red,0.0,
20,Bhutan,5,1,47,1,10,3,0,0,4,1,0,0,0,1,1,1,orange,4,0,0,0,0,0,0,0,1,0,orange,red,18146.718146718147,55.1063829787234
21,Bolivia,2,3,1099,6,2,0,0,3,3,1,1,0,1,0,0,0,red,0,0,0,0,0,0,0,0,0,0,red,green,424324.3243243243,14.140127388535031
22,Botswana,4,2,600,1,10,5,0,5,3,0,0,1,0,1,1,0,blue,0,0,0,0,0,0,0,0,0,0,blue,blue,231660.2316602317,4.316666666666666
23,Brazil,2,3,8512,119,6,0,0,0,4,0,1,1,1,1,0,0,green,1,0,0,0,22,0,0,0,0,1,green,green,3286486.4864864866,36.20888157894737
24,British-Virgin-Isles,1,4,0,0,1,1,0,0,6,1,1,1,1,1,0,1,blue,0,1,1,1,0,0,0,1,1,1,white,blue,0.0,
25,Brunei,5,1,6,0,10,2,0,0,4,1,0,0,1,1,1,0,gold,0,0,0,0,0,0,1,1,1,1,white,gold,2316.602316602317,0.0
26,Bulgaria,3,1,111,9,5,6,0,3,5,1,1,1,1,1,0,0,red,0,0,0,0,1,0,0,1,1,0,white,red,42857.14285714286,209.99999999999997
27,Burkina,4,4,274,7,3,5,0,2,3,1,1,0,1,0,0,0,red,0,0,0,0,1,0,0,0,0,0,red,green,105791.5057915058,66.16788321167883
28,Burma,5,1,678,35,10,3,0,0,3,1,0,1,0,1,0,0,red,0,0,0,1,14,0,0,1,1,0,blue,red,261776.0617760618,133.70206489675516
29,Burundi,4,2,28,4,10,5,0,0,3,1,1,0,0,1,0,0,red,1,0,1,0,3,0,0,0,0,0,white,white,10810.810810810812,369.99999999999994
30,Cameroon,4,1,474,8,3,1,3,0,3,1,1,0,1,0,0,0,gold,0,0,0,0,1,0,0,0,0,0,green,gold,183011.58301158302,43.71308016877637
31,Canada,1,4,9976,24,1,1,2,0,2,1,0,0,0,1,0,0,red,0,0,0,0,0,0,0,0,1,0,red,red,3851737.451737452,6.230954290296712
32,Cape-Verde-Islands,4,4,4,0,6,0,1,2,5,1,1,0,1,0,1,1,gold,0,0,0,0,1,0,0,0,1,0,red,green,1544.4015444015445,0.0
33,Cayman-Islands,1,4,0,0,1,1,0,0,6,1,1,1,1,1,0,1,blue,1,1,1,1,4,0,0,1,1,1,white,blue,0.0,
34,Central-African-Republic,4,1,623,2,10,5,1,0,5,1,1,1,1,1,0,0,gold,0,0,0,0,1,0,0,0,0,0,blue,gold,240540.54054054056,8.314606741573034
35,Chad,4,1,1284,4,3,5,3,0,3,1,0,1,1,0,0,0,gold,0,0,0,0,0,0,0,0,0,0,blue,red,495752.8957528958,8.06853582554517
36,Chile,2,3,757,11,2,0,0,2,3,1,0,1,0,1,0,0,red,0,0,0,1,1,0,0,0,0,0,blue,red,292277.9922779923,37.63540290620872
37,China,5,1,9561,1008,7,6,0,0,2,1,0,0,1,0,0,0,red,0,0,0,0,5,0,0,0,0,0,red,red,3691505.7915057917,273.0593034201443
38,Colombia,2,4,1139,28,2,0,0,3,3,1,0,1,1,0,0,0,gold,0,0,0,0,0,0,0,0,0,0,gold,red,439768.33976833976,63.66988586479368
39,Comorro-Islands,4,2,2,0,3,2,0,0,2,0,1,0,0,1,0,0,green,0,0,0,0,4,1,0,0,0,0,green,green,772.2007722007722,0.0
40,Congo,4,2,342,2,10,5,0,0,3,1,1,0,1,0,0,0,red,0,0,0,0,1,0,0,1,1,0,red,red,132046.33204633204,15.146198830409357
41,Cook-Islands,6,3,0,0,1,1,0,0,4,1,0,1,0,1,0,0,blue,1,1,1,1,15,0,0,0,0,0,white,blue,0.0,
42,Costa-Rica,1,4,51,2,2,0,0,5,3,1,0,1,0,1,0,0,blue,0,0,0,0,0,0,0,0,0,0,blue,blue,19691.119691119693,101.56862745098039
43,Cuba,1,4,115,10,2,6,0,5,3,1,0,1,0,1,0,0,blue,0,0,0,0,1,0,1,0,0,0,blue,blue,44401.5444015444,225.21739130434784
44,Cyprus,3,1,9,1,6,1,0,0,3,0,1,0,1,1,0,0,white,0,0,0,0,0,0,0,1,1,0,white,white,3474.903474903475,287.77777777777777
45,Czechoslovakia,3,1,128,15,5,6,0,0,3,1,0,1,0,1,0,0,white,0,0,0,0,0,0,1,0,0,0,white,red,49420.84942084942,303.515625
46,Denmark,3,1,43,5,6,1,0,0,2,1,0,0,0,1,0,0,red,0,1,0,0,0,0,0,0,0,0,red,red,16602.316602316605,301.1627906976744
47,Djibouti,4,1,22,0,3,2,0,0,4,1,1,1,0,1,0,0,blue,0,0,0,0,1,0,1,0,0,0,white,green,8494.208494208495,0.0
48,Dominica,1,4,0,0,1,1,0,0,6,1,1,1,1,1,1,0,green,1,0,0,0,10,0,0,0,1,0,green,green,0.0,
49,Dominican-Republic,1,4,49,6,2,0,0,0,3,1,0,1,0,1,0,0,blue,0,1,0,0,0,0,0,0,0,0,blue,blue,18918.91891891892,317.1428571428571
50,Ecuador,2,3,284,8,2,0,0,3,3,1,0,1,1,0,0,0,gold,0,0,0,0,0,0,0,0,0,0,gold,red,109652.50965250966,72.95774647887323
51,Egypt,4,1,1001,47,8,2,0,3,4,1,0,0,1,1,1,0,black,0,0,0,0,0,0,0,0,1,1,red,black,386486.4864864865,121.6083916083916
52,El-Salvador,1,4,21,5,2,0,0,3,2,0,0,1,0,1,0,0,blue,0,0,0,0,0,0,0,0,0,0,blue,blue,8108.108108108108,616.6666666666666
53,Equatorial-Guinea,4,1,28,0,10,5,0,3,4,1,1,1,0,1,0,0,green,0,0,0,0,0,0,1,0,0,0,green,red,10810.810810810812,0.0
54,Ethiopia,4,1,1222,31,10,1,0,3,3,1,1,0,1,0,0,0,green,0,0,0,0,0,0,0,0,0,0,green,red,471814.67181467183,65.7037643207856
55,Faeroes,3,4,1,0,6,1,0,0,3,1,0,1,0,1,0,0,white,0,1,0,0,0,0,0,0,0,0,white,white,386.1003861003861,0.0
56,Falklands-Malvinas,2,3,12,0,1,1,0,0,6,1,1,1,1,1,0,0,blue,1,1,1,1,0,0,0,1,1,1,white,blue,4633.204633204634,0.0
57,Fiji,6,2,18,1,1,1,0,0,7,1,1,1,1,1,0,1,blue,0,2,1,1,0,0,0,1,1,0,white,blue,6949.80694980695,143.88888888888889
58,Finland,3,1,337,5,9,1,0,0,2,0,0,1,0,1,0,0,white,0,1,0,0,0,0,0,0,0,0,white,white,130115.83011583012,38.4272997032641
59,France,3,1,547,54,3,0,3,0,3,1,0,1,0,1,0,0,white,0,0,0,0,0,0,0,0,0,0,blue,red,211196.9111969112,255.68555758683726
60,French-Guiana,2,4,91,0,3,0,3,0,3,1,0,1,0,1,0,0,white,0,0,0,0,0,0,0,0,0,0,blue,red,35135.13513513514,0.0
61,French-Polynesia,6,3,4,0,3,0,0,3,5,1,0,1,1,1,1,0,red,1,0,0,0,1,0,0,1,0,0,red,red,1544.4015444015445,0.0
62,Gabon,4,2,268,1,10,5,0,3,3,0,1,1,1,0,0,0,green,0,0,0,0,0,0,0,0,0,0,green,blue,103474.90347490348,9.664179104477611
63,Gambia,4,4,10,1,1,5,0,5,4,1,1,1,0,1,0,0,red,0,0,0,0,0,0,0,0,0,0,red,green,3861.0038610038614,259.0
64,Germany-DDR,3,1,108,17,4,6,0,3,3,1,0,0,1,0,1,0,gold,0,0,0,0,0,0,0,1,0,0,black,gold,41698.8416988417,407.68518518518516
65,Germany-FRG,3,1,249,61,4,1,0,3,3,1,0,0,1,0,1,0,black,0,0,0,0,0,0,0,0,0,0,black,gold,96138.99613899614,634.4979919678715
66,Ghana,4,4,239,14,1,5,0,3,4,1,1,0,1,0,1,0,red,0,0,0,0,1,0,0,0,0,0,red,green,92277.99227799228,151.7154811715481
67,Gibraltar,3,4,0,0,1,1,0,1,3,1,0,0,1,1,0,0,white,0,0,0,0,0,0,0,1,0,0,white,red,0.0,
68,Greece,3,1,132,10,6,1,0,9,2,0,0,1,0,1,0,0,blue,0,1,0,1,0,0,0,0,0,0,blue,blue,50965.25096525097,196.2121212121212
69,Greenland,1,4,2176,0,6,1,0,0,2,1,0,0,0,1,0,0,white,1,0,0,0,0,0,0,0,0,0,white,red,840154.4401544402,0.0
70,Grenada,1,4,0,0,1,1,0,0,3,1,1,0,1,0,0,0,gold,1,0,0,0,7,0,1,0,1,0,red,red,0.0,
71,Guam,6,1,0,0,1,1,0,0,7,1,1,1,1,1,0,1,blue,0,0,0,0,0,0,0,1,1,1,red,red,0.0,
72,Guatemala,1,4,109,8,2,0,3,0,2,0,0,1,0,1,0,0,blue,0,0,0,0,0,0,0,0,0,0,blue,blue,42084.942084942086,190.09174311926606
73,Guinea,4,4,246,6,3,2,3,0,3,1,1,0,1,0,0,0,gold,0,0,0,0,0,0,0,0,0,0,red,green,94980.69498069499,63.17073170731707
74,Guinea-Bissau,4,4,36,1,6,5,1,2,4,1,1,0,1,0,1,0,gold,0,0,0,0,1,0,0,0,0,0,red,green,13899.6138996139,71.94444444444444
75,Guyana,2,4,215,1,1,4,0,0,5,1,1,0,1,1,1,0,green,0,0,0,0,0,0,1,0,0,0,black,green,83011.58301158302,12.046511627906975
76,Haiti,1,4,28,6,3,0,2,0,2,1,0,0,0,0,1,0,black,0,0,0,0,0,0,0,0,0,0,black,red,10810.810810810812,555.0
77,Honduras,1,4,112,4,2,0,0,3,2,0,0,1,0,1,0,0,blue,0,0,0,0,5,0,0,0,0,0,blue,blue,43243.24324324325,92.49999999999999
78,Hong-Kong,5,1,1,5,7,3,0,0,6,1,1,1,1,1,0,1,blue,1,1,1,1,0,0,0,1,1,1,white,blue,386.1003861003861,12950.0
79,Hungary,3,1,93,11,9,6,0,3,3,1,1,0,0,1,0,0,red,0,0,0,0,0,0,0,0,0,0,red,green,35907.33590733591,306.34408602150535
80,Iceland,3,4,103,0,6,1,0,0,3,1,0,1,0,1,0,0,blue,0,1,0,0,0,0,0,0,0,0,blue,blue,39768.33976833977,0.0
81,India,5,1,3268,684,6,4,0,3,4,0,1,1,0,1,0,1,orange,1,0,0,0,0,0,0,1,0,0,orange,green,1261776.0617760618,542.0930232558139
82,Indonesia,6,2,1904,157,10,2,0,2,2,1,0,0,0,1,0,0,red,0,0,0,0,0,0,0,0,0,0,red,white,735135.1351351351,213.56617647058823
83,Iran,5,1,1648,39,6,2,0,3,3,1,1,0,0,1,0,0,red,0,0,0,0,0,0,0,1,0,1,green,red,636293.4362934363,61.29247572815534
84,Iraq,5,1,435,14,8,2,0,3,4,1,1,0,0,1,1,0,red,0,0,0,0,3,0,0,0,0,0,red,black,167953.66795366796,83.35632183908045
85,Ireland,3,4,70,3,1,0,3,0,3,0,1,0,0,1,0,1,white,0,0,0,0,0,0,0,0,0,0,green,orange,27027.02702702703,110.99999999999999
86,Israel,5,1,21,4,10,7,0,2,2,0,0,1,0,1,0,0,white,0,0,0,0,1,0,0,0,0,0,blue,blue,8108.108108108108,493.3333333333333
87,Italy,3,1,301,57,6,0,3,0,3,1,1,0,0,1,0,0,white,0,0,0,0,0,0,0,0,0,0,green,red,116216.21621621623,490.4651162790697
88,Ivory-Coast,4,4,323,7,3,5,3,0,3,1,1,0,0,1,0,0,white,0,0,0,0,0,0,0,0,0,0,red,green,124710.42471042472,56.13003095975232
89,Jamaica,1,4,11,2,1,1,0,0,3,0,1,0,1,0,1,0,green,0,0,1,0,0,0,1,0,0,0,gold,gold,4247.104247104247,470.9090909090909
90,Japan,5,1,372,118,9,7,0,0,2,1,0,0,0,1,0,0,white,1,0,0,0,1,0,0,0,0,0,white,white,143629.34362934364,821.5591397849462
91,Jordan,5,1,98,2,8,2,0,3,4,1,1,0,0,1,1,0,black,0,0,0,0,1,0,1,0,0,0,black,green,37837.83783783784,52.857142857142854
92,Kampuchea,5,1,181,6,10,3,0,0,2,1,0,0,1,0,0,0,red,0,0,0,0,0,0,0,1,0,0,red,red,69884.16988416988,85.85635359116023
93,Kenya,4,1,583,17,10,5,0,5,4,1,1,0,0,1,1,0,red,1,0,0,0,0,0,0,1,0,0,black,green,225096.52509652512,75.52315608919382
94,Kiribati,6,1,0,0,1,1,0,0,4,1,0,1,1,1,0,0,red,0,0,0,0,1,0,0,1,1,0,red,blue,0.0,
95,Kuwait,5,1,18,2,8,2,0,3,4,1,1,0,0,1,1,0,green,0,0,0,0,0,0,0,0,0,0,green,red,6949.80694980695,287.77777777777777
96,Laos,5,1,236,3,10,6,0,3,3,1,0,1,0,1,0,0,red,1,0,0,0,0,0,0,0,0,0,red,red,91119.69111969112,32.92372881355932
97,Lebanon,5,1,10,3,8,2,0,2,4,1,1,0,0,1,0,1,red,0,0,0,0,0,0,0,0,1,0,red,red,3861.0038610038614,776.9999999999999
98,Lesotho,4,2,30,1,10,5,2,0,4,1,1,1,0,1,0,0,blue,0,0,0,0,0,0,0,1,0,0,green,blue,11583.011583011583,86.33333333333333
99,Liberia,4,4,111,1,10,5,0,11,3,1,0,1,0,1,0,0,red,0,0,0,1,1,0,0,0,0,0,blue,red,42857.14285714286,23.333333333333332
100,Libya,4,1,1760,3,8,2,0,0,1,0,1,0,0,0,0,0,green,0,0,0,0,0,0,0,0,0,0,green,green,679536.6795366795,4.4147727272727275
101,Liechtenstein,3,1,0,0,4,0,0,2,3,1,0,1,1,0,0,0,red,0,0,0,0,0,0,0,1,0,0,blue,red,0.0,
102,Luxembourg,3,1,3,0,4,0,0,3,3,1,0,1,0,1,0,0,red,0,0,0,0,0,0,0,0,0,0,red,blue,1158.3011583011585,0.0
103,Malagasy,4,2,587,9,10,1,1,2,3,1,1,0,0,1,0,0,red,0,0,0,0,0,0,0,0,0,0,white,green,226640.92664092666,39.71039182282794
104,Malawi,4,2,118,6,10,5,0,3,3,1,1,0,0,0,1,0,red,0,0,0,0,1,0,0,0,0,0,black,green,45559.84555984556,131.6949152542373
105,Malaysia,5,1,333,13,10,2,0,14,4,1,0,1,1,1,0,0,red,0,0,0,1,1,1,0,0,0,0,blue,white,128571.42857142858,101.1111111111111
106,Maldive-Islands,5,1,0,0,10,2,0,0,3,1,1,0,0,1,0,0,red,0,0,0,0,0,1,0,0,0,0,red,red,0.0,
107,Mali,4,4,1240,7,3,2,3,0,3,1,1,0,1,0,0,0,gold,0,0,0,0,0,0,0,0,0,0,green,red,478764.4787644788,14.620967741935482
108,Malta,3,1,0,0,10,0,2,0,3,1,0,0,0,1,1,0,red,0,1,0,0,0,0,0,1,0,0,white,red,0.0,
109,Marianas,6,1,0,0,10,1,0,0,3,0,0,1,0,1,0,0,blue,0,0,0,0,1,0,0,1,0,0,blue,blue,0.0,
110,Mauritania,4,4,1031,2,8,2,0,0,2,0,1,0,1,0,0,0,green,0,0,0,0,1,1,0,0,0,0,green,green,398069.4980694981,5.024248302618816
111,Mauritius,4,2,2,1,1,4,0,4,4,1,1,1,1,0,0,0,red,0,0,0,0,0,0,0,0,0,0,red,green,772.2007722007722,1295.0
112,Mexico,1,4,1973,77,2,0,3,0,4,1,1,0,0,1,0,1,green,0,0,0,0,0,0,0,0,1,0,green,red,761776.0617760618,101.0795742524075
113,Micronesia,6,1,1,0,10,1,0,0,2,0,0,1,0,1,0,0,blue,0,0,0,0,4,0,0,0,0,0,blue,blue,386.1003861003861,0.0
114,Monaco,3,1,0,0,3,0,0,2,2,1,0,0,0,1,0,0,red,0,0,0,0,0,0,0,0,0,0,red,white,0.0,
115,Mongolia,5,1,1566,2,10,6,3,0,3,1,0,1,1,0,0,0,red,2,0,0,0,1,1,1,1,0,0,red,red,604633.2046332046,3.3077905491698596
116,Montserrat,1,4,0,0,1,1,0,0,7,1,1,1,1,1,1,0,blue,0,2,1,1,0,0,0,1,1,0,white,blue,0.0,
117,Morocco,4,4,447,20,8,2,0,0,2,1,1,0,0,0,0,0,red,0,0,0,0,1,0,0,0,0,0,red,red,172586.8725868726,115.88366890380313
118,Mozambique,4,2,783,12,10,5,0,5,5,1,1,0,1,1,1,0,gold,0,0,0,0,1,0,1,1,0,0,green,gold,302316.6023166023,39.69348659003832
119,Nauru,6,2,0,0,10,1,0,3,3,0,0,1,1,1,0,0,blue,0,0,0,0,1,0,0,0,0,0,blue,blue,0.0,
120,Nepal,5,1,140,16,10,4,0,0,3,0,0,1,0,1,0,1,brown,0,0,0,0,2,1,0,0,0,0,blue,blue,54054.05405405406,295.99999999999994
121,Netherlands,3,1,41,14,6,1,0,3,3,1,0,1,0,1,0,0,red,0,0,0,0,0,0,0,0,0,0,red,blue,15830.11583011583,884.390243902439
122,Netherlands-Antilles,1,4,0,0,6,1,0,1,3,1,0,1,0,1,0,0,white,0,0,0,0,6,0,0,0,0,0,white,white,0.0,
123,New-Zealand,6,2,268,2,1,1,0,0,3,1,0,1,0,1,0,0,blue,0,1,1,1,4,0,0,0,0,0,white,blue,103474.90347490348,19.328358208955223
124,Nicaragua,1,4,128,3,2,0,0,3,2,0,0,1,0,1,0,0,blue,0,0,0,0,0,0,0,0,0,0,blue,blue,49420.84942084942,60.703125
125,Niger,4,1,1267,5,3,2,0,3,3,0,1,0,0,1,0,1,orange,1,0,0,0,0,0,0,0,0,0,orange,green,489189.18918918923,10.22099447513812
126,Nigeria,4,1,925,56,10,2,3,0,2,0,1,0,0,1,0,0,green,0,0,0,0,0,0,0,0,0,0,green,green,357142.85714285716,156.79999999999998
127,Niue,6,3,0,0,1,1,0,0,4,1,0,1,1,1,0,0,gold,1,1,1,1,5,0,0,0,0,0,white,gold,0.0,
128,North-Korea,5,1,121,18,10,6,0,5,3,1,0,1,0,1,0,0,blue,1,0,0,0,1,0,0,0,0,0,blue,blue,46718.14671814672,385.28925619834706
129,North-Yemen,5,1,195,9,8,2,0,3,4,1,1,0,0,1,1,0,red,0,0,0,0,1,0,0,0,0,0,red,black,75289.5752895753,119.53846153846153
130,Norway,3,1,324,4,6,1,0,0,3,1,0,1,0,1,0,0,red,0,1,0,0,0,0,0,0,0,0,red,red,125096.5250965251,31.975308641975307
131,Oman,5,1,212,1,8,2,0,2,3,1,1,0,0,1,0,0,red,0,0,0,0,0,0,0,1,0,0,red,green,81853.28185328186,12.21698113207547
132,Pakistan,5,1,804,84,6,2,1,0,2,0,1,0,0,1,0,0,green,0,0,0,0,1,1,0,0,0,0,white,green,310424.7104247104,270.5970149253731
133,Panama,2,4,76,2,2,0,0,0,3,1,0,1,0,1,0,0,red,0,0,0,4,2,0,0,0,0,0,white,white,29343.629343629345,68.1578947368421
134,Papua-New-Guinea,6,2,463,3,1,5,0,0,4,1,0,0,1,1,1,0,black,0,0,0,0,5,0,1,0,1,0,red,black,178764.4787644788,16.781857451403887
135,Parguay,2,3,407,3,2,0,0,3,6,1,1,1,1,1,1,0,red,1,0,0,0,1,0,0,1,1,1,red,blue,157142.85714285716,19.09090909090909
136,Peru,2,3,1285,14,2,0,3,0,2,1,0,0,0,1,0,0,red,0,0,0,0,0,0,0,0,0,0,red,red,496138.99613899615,28.217898832684824
137,Philippines,6,1,300,48,10,0,0,0,4,1,0,1,1,1,0,0,blue,0,0,0,0,4,0,1,0,0,0,blue,red,115830.11583011584,414.4
138,Poland,3,1,313,36,5,6,0,2,2,1,0,0,0,1,0,0,white,0,0,0,0,0,0,0,0,0,0,white,red,120849.42084942086,297.8913738019169
139,Portugal,3,4,92,10,6,0,0,0,5,1,1,1,1,1,0,0,red,1,0,0,0,0,0,0,1,0,0,green,red,35521.235521235525,281.52173913043475
140,Puerto-Rico,1,4,9,3,2,0,0,5,3,1,0,1,0,1,0,0,red,0,0,0,0,1,0,1,0,0,0,red,red,3474.903474903475,863.3333333333334
141,Qatar,5,1,11,0,8,2,0,0,2,0,0,0,0,1,0,1,brown,0,0,0,0,0,0,0,0,0,0,white,brown,4247.104247104247,0.0
142,Romania,3,1,237,22,6,6,3,0,7,1,1,1,1,1,0,1,red,0,0,0,0,2,0,0,1,1,1,blue,red,91505.79150579151,240.42194092827003
143,Rwanda,4,2,26,5,10,5,3,0,4,1,1,0,1,0,1,0,red,0,0,0,0,0,0,0,0,0,1,red,green,10038.610038610039,498.0769230769231
144,San-Marino,3,1,0,0,6,0,0,2,2,0,0,1,0,1,0,0,white,0,0,0,0,0,0,0,0,0,0,white,blue,0.0,
145,Sao-Tome,4,1,0,0,6,0,0,3,4,1,1,0,1,0,1,0,green,0,0,0,0,2,0,1,0,0,0,green,green,0.0,
146,Saudi-Arabia,5,1,2150,9,8,2,0,0,2,0,1,0,0,1,0,0,green,0,0,0,0,0,0,0,1,0,1,green,green,830115.8301158302,10.841860465116278
147,Senegal,4,4,196,6,3,2,3,0,3,1,1,0,1,0,0,0,green,0,0,0,0,1,0,0,0,0,0,green,red,75675.67567567568,79.28571428571428
148,Seychelles,4,2,0,0,1,1,0,0,3,1,1,0,0,1,0,0,red,0,0,0,0,0,0,0,0,0,0,red,green,0.0,
149,Sierra-Leone,4,4,72,3,1,5,0,3,3,0,1,1,0,1,0,0,green,0,0,0,0,0,0,0,0,0,0,green,blue,27799.2277992278,107.91666666666667
150,Singapore,5,1,1,3,7,3,0,2,2,1,0,0,0,1,0,0,white,0,0,0,0,5,1,0,0,0,0,red,white,386.1003861003861,7770.0
151,Soloman-Islands,6,2,30,0,1,1,0,0,4,0,1,1,1,1,0,0,green,0,0,0,0,5,0,1,0,0,0,blue,green,11583.011583011583,0.0
152,Somalia,4,1,637,5,10,2,0,0,2,0,0,1,0,1,0,0,blue,0,0,0,0,1,0,0,0,0,0,blue,blue,245945.94594594595,20.32967032967033
153,South-Africa,4,2,1221,29,6,1,0,3,5,1,1,1,0,1,0,1,orange,0,1,1,0,0,0,0,0,0,0,orange,blue,471428.5714285715,61.51515151515151
154,South-Korea,5,1,99,39,10,7,0,0,4,1,0,1,0,1,1,0,white,1,0,0,0,0,0,0,1,0,0,white,white,38223.938223938225,1020.3030303030303
155,South-Yemen,5,1,288,2,8,2,0,3,4,1,0,1,0,1,1,0,red,0,0,0,0,1,0,1,0,0,0,red,black,111196.9111969112,17.98611111111111
156,Spain,3,4,505,38,2,0,0,3,2,1,0,0,1,0,0,0,red,0,0,0,0,0,0,0,0,0,0,red,red,194980.694980695,194.89108910891088
157,Sri-Lanka,5,1,66,15,10,3,2,0,4,0,1,0,1,0,0,1,gold,0,0,0,0,0,0,0,1,1,0,gold,gold,25482.625482625484,588.6363636363636
158,St-Helena,4,3,0,0,1,1,0,0,7,1,1,1,1,1,0,1,blue,0,1,1,1,0,0,0,1,0,0,white,blue,0.0,
159,St-Kitts-Nevis,1,4,0,0,1,1,0,0,5,1,1,0,1,1,1,0,green,0,0,0,0,2,0,1,0,0,0,green,red,0.0,
160,St-Lucia,1,4,0,0,1,1,0,0,4,0,0,1,1,1,1,0,blue,0,0,0,0,0,0,1,0,0,0,blue,blue,0.0,
161,St-Vincent,1,4,0,0,1,1,5,0,4,0,1,1,1,1,0,0,green,0,0,0,0,0,0,0,1,1,1,blue,green,0.0,
162,Sudan,4,1,2506,20,8,2,0,3,4,1,1,0,0,1,1,0,red,0,0,0,0,0,0,1,0,0,0,red,black,967567.5675675676,20.670391061452513
163,Surinam,2,4,63,0,6,1,0,5,4,1,1,0,1,1,0,0,red,0,0,0,0,1,0,0,0,0,0,green,green,24324.324324324327,0.0
164,Swaziland,4,2,17,1,10,1,0,5,7,1,0,1,1,1,1,1,blue,0,0,0,0,0,0,0,1,0,0,blue,blue,6563.706563706564,152.35294117647058
165,Sweden,3,1,450,8,6,1,0,0,2,0,0,1,1,0,0,0,blue,0,1,0,0,0,0,0,0,0,0,blue,blue,173745.17374517376,46.044444444444444
166,Switzerland,3,1,41,6,4,1,0,0,2,1,0,0,0,1,0,0,red,0,1,0,0,0,0,0,0,0,0,red,red,15830.11583011583,379.0243902439024
167,Syria,5,1,185,10,8,2,0,3,4,1,1,0,0,1,1,0,red,0,0,0,0,2,0,0,0,0,0,red,black,71428.57142857143,140.0
168,Taiwan,5,1,36,18,7,3,0,0,3,1,0,1,0,1,0,0,red,1,0,0,1,1,0,0,0,0,0,blue,red,13899.6138996139,1295.0
169,Tanzania,4,2,945,18,10,5,0,0,4,0,1,1,1,0,1,0,green,0,0,0,0,0,0,1,0,0,0,green,blue,364864.8648648649,49.33333333333333
170,Thailand,5,1,514,49,10,3,0,5,3,1,0,1,0,1,0,0,red,0,0,0,0,0,0,0,0,0,0,red,red,198455.59845559846,246.90661478599222
171,Togo,4,1,57,2,3,7,0,5,4,1,1,0,1,1,0,0,green,0,0,0,1,1,0,0,0,0,0,red,green,22007.722007722008,90.87719298245614
172,Tonga,6,2,1,0,10,1,0,0,2,1,0,0,0,1,0,0,red,0,1,0,1,0,0,0,0,0,0,white,red,386.1003861003861,0.0
173,Trinidad-Tobago,2,4,5,1,1,1,0,0,3,1,0,0,0,1,1,0,red,0,0,0,0,0,0,1,0,0,0,white,white,1930.5019305019307,518.0
174,Tunisia,4,1,164,7,8,2,0,0,2,1,0,0,0,1,0,0,red,1,0,0,0,1,1,0,0,0,0,red,red,63320.46332046332,110.54878048780488
175,Turkey,5,1,781,45,9,2,0,0,2,1,0,0,0,1,0,0,red,0,0,0,0,1,1,0,0,0,0,red,red,301544.40154440154,149.23175416133162
176,Turks-Cocos-Islands,1,4,0,0,1,1,0,0,6,1,1,1,1,1,0,1,blue,0,1,1,1,0,0,0,1,1,0,white,blue,0.0,
177,Tuvalu,6,2,0,0,1,1,0,0,5,1,0,1,1,1,0,0,blue,0,1,1,1,9,0,0,0,0,0,white,blue,0.0,
178,UAE,5,1,84,1,8,2,1,3,4,1,1,0,0,1,1,0,green,0,0,0,0,0,0,0,0,0,0,red,black,32432.432432432433,30.833333333333332
179,Uganda,4,1,236,13,10,5,0,6,5,1,0,0,1,1,1,0,gold,1,0,0,0,0,0,0,0,1,0,black,red,91119.69111969112,142.66949152542372
180,UK,3,4,245,56,1,1,0,0,3,1,0,1,0,1,0,0,red,0,1,1,0,0,0,0,0,0,0,white,red,94594.5945945946,592.0
181,Uruguay,2,3,178,3,2,0,0,9,3,0,0,1,1,1,0,0,white,0,0,0,1,1,0,0,0,0,0,white,white,68725.86872586873,43.651685393258425
182,US-Virgin-Isles,1,4,0,0,1,1,0,0,6,1,1,1,1,1,0,0,white,0,0,0,0,0,0,0,1,1,1,white,white,0.0,
183,USA,1,4,9363,231,1,1,0,13,3,1,0,1,0,1,0,0,white,0,0,0,1,50,0,0,0,0,0,blue,red,3615057.9150579153,63.899391220762574
184,USSR,5,1,22402,274,5,6,0,0,2,1,0,0,1,0,0,0,red,0,0,0,0,1,0,0,1,0,0,red,red,8649420.84942085,31.678421569502724
185,Vanuatu,6,2,15,0,6,1,0,0,4,1,1,0,1,0,1,0,red,0,0,0,0,0,0,1,0,1,0,black,green,5791.505791505791,0.0
186,Vatican-City,3,1,0,0,6,0,2,0,4,1,0,0,1,1,1,0,gold,0,0,0,0,0,0,0,1,0,0,gold,white,0.0,
187,Venezuela,2,4,912,15,2,0,0,3,7,1,1,1,1,1,1,1,red,0,0,0,0,7,0,0,1,1,0,gold,red,352123.55212355213,42.598684210526315
188,Vietnam,5,1,333,60,10,6,0,0,2,1,0,0,1,0,0,0,red,0,0,0,0,1,0,0,0,0,0,red,red,128571.42857142858,466.66666666666663
189,Western-Samoa,6,3,3,0,1,1,0,0,3,1,0,1,0,1,0,0,red,0,0,0,1,5,0,0,0,0,0,blue,red,1158.3011583011585,0.0
190,Yugoslavia,3,1,256,22,6,6,0,3,4,1,0,1,1,1,0,0,red,0,0,0,0,1,0,0,0,0,0,blue,red,98841.69884169885,222.578125
191,Zaire,4,2,905,28,10,5,0,0,4,1,1,0,1,0,0,1,green,1,0,0,0,0,0,0,1,1,0,green,green,349420.84942084947,80.13259668508286
192,Zambia,4,2,753,6,10,5,3,0,4,1,1,0,0,0,1,1,green,0,0,0,0,0,0,0,0,1,0,green,brown,290733.59073359077,20.637450199203183
193,Zimbabwe,4,2,391,8,10,5,0,7,5,1,1,0,1,1,1,0,green,0,0,0,0,1,0,1,1,1,0,green,green,150965.25096525098,52.9923273657289
